{
    "list_pre_year": [
        2001.0,
        2002.0,
        2003.0,
        2004.0,
        2005.0,
        2006.0,
        2007.0,
        2008.0,
        2009.0,
        2010.0,
        2011.0,
        2012.0,
        2013.0,
        2014.0,
        2015.0,
        2016.0,
        2017.0,
        2018.0,
        2019.0,
        2020.0,
        2021.0,
        2022.0,
        2023.0,
        2024.0,
        2025.0,
        2026.0,
        2027.0,
        2028.0,
        2029.0,
        2030.0
    ],
    "list_real_thai_food": [
        34.7814125046134,
        34.11176094412804,
        33.60031347721815,
        33.233029425144196,
        32.995868138968945,
        32.87478893995285,
        32.85575118660927,
        32.92471418529749,
        33.06763728708029,
        33.27047981321812,
        33.51920113712549,
        33.799760550260544,
        34.09811741858721,
        34.400231063365936,
        34.692060835659504,
        34.95956604927778,
        35.18870605528355,
        35.36544018983841,
        35.475727774202824,
        35.50552815198898,
        35.44080067425966,
        35.267504662275314,
        34.97159943729639,
        34.53904438018799,
        33.95579877495766,
        33.20782198756933,
        32.28107335418463,
        31.161512181162834,
        29.83509785681963,
        28.287789672613144
    ],
    "list_real_thai_house": [
        21.889410606585443,
        21.520564397098497,
        21.188388609094545,
        20.892478763358667,
        20.63243037997745,
        20.407838978804648,
        20.21830007992685,
        20.063409202732146,
        19.942761867772788,
        19.85595359443687,
        19.8025799037423,
        19.782236315542832,
        19.794518348760903,
        19.83902152394876,
        19.915341361192986,
        20.023073380580172,
        20.16181310173124,
        20.33115604496561,
        20.530697729904205,
        20.760033677099273,
        21.018759405706078,
        21.30647043674253,
        21.622762289829552,
        21.96723048435524,
        22.339470540406182,
        22.739077979233116,
        23.165648319292814,
        23.618777080904692,
        24.09805978485383,
        24.603091950295493
    ],
    "list_real_thai_walk": [
        17.075964473187923,
        17.868464305996895,
        18.509230740368366,
        19.009282417595387,
        19.379638016223907,
        19.631316177546978,
        19.77533556520939,
        19.82271483540535,
        19.78447265177965,
        19.671627677977085,
        19.49519856274128,
        19.266203969717026,
        18.995662555098534,
        18.694592982530594,
        18.374013900756836,
        18.04494397342205,
        17.718401856720448,
        17.405406206846237,
        17.11697570234537,
        16.864128977060318,
        16.65788470953703,
        16.509261541068554,
        16.429278142750263,
        16.428953155875206,
        16.519305258989334,
        16.711353085935116,
        17.016115330159664,
        17.444610625505447,
        18.007857635617256,
        18.71687502413988
    ],
    "list_real_thai_living": [
        9855.71032333374,
        10747.052911758423,
        11625.903974533081,
        12489.640865325928,
        13335.640941619873,
        14161.281558990479,
        14963.940073013306,
        15740.99383354187,
        16489.820203781128,
        17207.796529769897,
        17892.300172805786,
        18540.70848464966,
        19150.398822784424,
        19718.748540878296,
        20243.134994506836,
        20720.935539245605,
        21149.527528762817,
        21526.288320541382,
        21848.59526824951,
        22113.82572555542,
        22319.357049942017,
        22462.566595077515,
        22540.831716537476,
        22551.52976989746,
        22492.038105010986,
        22359.734086990356,
        22151.99506187439,
        21866.198390960693,
        21499.721424102783,
        21049.941522598267
    ]
}