{
    "list_pre_year": [
        2001.0,
        2002.0,
        2003.0,
        2004.0,
        2005.0,
        2006.0,
        2007.0,
        2008.0,
        2009.0,
        2010.0,
        2011.0,
        2012.0,
        2013.0,
        2014.0,
        2015.0,
        2016.0,
        2017.0,
        2018.0,
        2019.0,
        2020.0,
        2021.0,
        2022.0,
        2023.0,
        2024.0,
        2025.0,
        2026.0,
        2027.0,
        2028.0
    ],
    "list_real_thai_food": [
        35.5,
        35.8,
        33.2,
        30.6,
        31.4,
        32.1,
        33.0,
        34.2,
        34.2,
        34.6,
        33.6,
        34.1,
        34.4,
        33.9,
        33.7,
        36.1,
        35.1,
        34.8,
        33.9,
        35.6,
        35.5,
        35.8,
        35.3
    ],
    "list_real_thai_house": [
        22.4,
        21.1,
        20.7,
        20.4,
        21.1,
        21.7,
        20.1,
        19.1,
        20.1,
        19.4,
        20.4,
        20.0,
        19.2,
        20.0,
        20.4,
        19.7,
        20.3,
        19.8,
        21.0,
        20.6,
        21.4,
        20.7,
        21.9
    ],
    "list_real_thai_walk": [
        10025.0,
        10889.0,
        11593.0,
        12297.0,
        13304.0,
        14311.0,
        14500.0,
        15942.0,
        16205.0,
        16819.0,
        17403.0,
        18766.0,
        19061.0,
        20892.0,
        21157.0,
        21144.0,
        21437.0,
        21346.0,
        20742.0,
        21329.0,
        21616.0,
        22372.0,
        23695.0
    ],
    "list_pre_thai_food": [
        34.7814125046134,
        34.11176094412804,
        33.60031347721815,
        33.233029425144196,
        32.995868138968945,
        32.87478893995285,
        32.85575118660927,
        32.92471418529749,
        33.06763728708029,
        33.27047981321812,
        33.51920113712549,
        33.799760550260544,
        34.09811741858721,
        34.400231063365936,
        34.692060835659504,
        34.95956604927778,
        35.18870605528355,
        35.36544018983841,
        35.475727774202824,
        35.50552815198898,
        35.44080067425966,
        35.267504662275314,
        34.97159943729639,
        34.53904438018799,
        33.95579877495766,
        33.20782198756933,
        32.28107335418463,
        31.161512181162834
    ],
    "list_pre_thai_house": [
        21.889410606585443,
        21.520564397098497,
        21.188388609094545,
        20.892478763358667,
        20.63243037997745,
        20.407838978804648,
        20.21830007992685,
        20.063409202732146,
        19.942761867772788,
        19.85595359443687,
        19.8025799037423,
        19.782236315542832,
        19.794518348760903,
        19.83902152394876,
        19.915341361192986,
        20.023073380580172,
        20.16181310173124,
        20.33115604496561,
        20.530697729904205,
        20.760033677099273,
        21.018759405706078,
        21.30647043674253,
        21.622762289829552,
        21.96723048435524,
        22.339470540406182,
        22.739077979233116,
        23.165648319292814,
        23.618777080904692
    ],
    "list_pre_thai_walk": [
        17.075964473187923,
        17.868464305996895,
        18.509230740368366,
        19.009282417595387,
        19.379638016223907,
        19.631316177546978,
        19.77533556520939,
        19.82271483540535,
        19.78447265177965,
        19.671627677977085,
        19.49519856274128,
        19.266203969717026,
        18.995662555098534,
        18.694592982530594,
        18.374013900756836,
        18.04494397342205,
        17.718401856720448,
        17.405406206846237,
        17.11697570234537,
        16.864128977060318,
        16.65788470953703,
        16.509261541068554,
        16.429278142750263,
        16.428953155875206,
        16.519305258989334,
        16.711353085935116,
        17.016115330159664,
        17.444610625505447
    ],
    "list_pre_thai_living": [
        9855.71032333374,
        10747.052911758423,
        11625.903974533081,
        12489.640865325928,
        13335.640941619873,
        14161.281558990479,
        14963.940073013306,
        15740.99383354187,
        16489.820203781128,
        17207.796529769897,
        17892.300172805786,
        18540.70848464966,
        19150.398822784424,
        19718.748540878296,
        20243.134994506836,
        20720.935539245605,
        21149.527528762817,
        21526.288320541382,
        21848.59526824951,
        22113.82572555542,
        22319.357049942017,
        22462.566595077515,
        22540.831716537476,
        22551.52976989746,
        22492.038105010986,
        22359.734086990356,
        22151.99506187439,
        21866.198390960693
    ],
    "list_real_bangkok_food": [
        6349.0,
        6589.0,
        9297.0,
        9452.0,
        9607.0,
        9882.0,
        10157.0,
        10772.0,
        11386.0,
        11056.0,
        10726.0,
        10519.0,
        10312.0,
        9852.0,
        9391.0
    ],
    "list_real_bangkok_house": [
        5159.0,
        5291.0,
        7279.0,
        8023.0,
        8767.0,
        8904.0,
        9040.0,
        8691.0,
        8314.0,
        8050.0,
        7786.0,
        7765.0,
        7744.0,
        7282.0,
        6819.0
    ],
    "list_real_bangkok_walk": [
        21919.0,
        22982.0,
        29647.0,
        31802.0,
        33957.0,
        34192.0,
        34426.0,
        34764.0,
        35101.0,
        34614.0,
        34127.0,
        33089.0,
        32052.0,
        30011.0,
        27970.0
    ],
    "list_pre_bangkok_food": [
        4084.418991088867,
        4627.523138046265,
        5107.1117305755615,
        5526.731084823608,
        5889.927530288696,
        6200.24739074707,
        6461.236991882324,
        6676.4426612854,
        6849.410720825195,
        6983.687501907349,
        7082.81932258606,
        7150.352516174316,
        7189.833402633667,
        7204.808307647705,
        7198.823558807373,
        7175.425485610962,
        7138.1604080200195,
        7090.57465171814,
        7036.214542388916,
        6978.62640953064,
        6921.35657119751,
        6867.951364517212,
        6821.957103729248,
        6786.920120239258,
        6766.386741638184,
        6763.903285980225,
        6783.0160846710205,
        6827.271459579468
    ],
    "list_pre_bangkok_house": [
        2547.1784954071045,
        2446.3916301727295,
        2402.6130962371826,
        2409.3838291168213,
        2460.2447032928467,
        2548.736654281616,
        2668.40057182312,
        2812.777368545532,
        2975.4079608917236,
        3149.8332386016846,
        3329.5941257476807,
        3508.2315158843994,
        3679.286329269409,
        3836.2994556427,
        3972.811819076538,
        4082.3643283843994,
        4158.497873306274,
        4194.753377914429,
        4184.671739578247,
        4121.793863296509,
        3999.6606769561768,
        3811.8130626678467,
        3551.7919483184814,
        3213.1382236480713,
        2789.3928050994873,
        2274.0965900421143,
        1660.7905101776123,
        943.0154438018799
    ],